Model,Prompt,Response,Timestamp
ChatGPT,"hii

","Error: Error code: 429 - {'error': {'message': 'You exceeded your current quota, please check your plan and billing details. For more information on this error, read the docs: https://platform.openai.com/docs/guides/error-codes/api-errors.', 'type': 'insufficient_quota', 'param': None, 'code': 'insufficient_quota'}}",2026-02-07 19:28:38
Gemini,"hii

",Hi there! How can I help you today?,2026-02-07 19:28:38
LLaMA,"hii

", HF_API_KEY not found,2026-02-07 19:28:38
